Director,Star,Imdb
Nguyễn Quang Tuyến,Nhật Kim Anh,8.0
Nguyễn Quang Tuyến,Đông Dương,8.0
Nguyễn Quang Tuyến,Xuân Phúc,8.0
Nguyễn Quang Tuyến,Quang Hòa,8.0
Nguyễn Quang Tuyến,Lâm Trí,8.0
Nguyễn Quang Tuyến,Hoàng Tiến Dũng,8.0
Nguyễn Quang Tuyến,Hùng Chilhuyn,8.0
Đỗ Nam,Huy Khánh,7.9
Đỗ Nam,Quý Bình,7.9
Đỗ Nam,Lê Bình,7.9
Đỗ Nam,Quỳnh Chi,7.9
Đỗ Nam,Anh Thơ,7.9
Đỗ Nam,bé Gia Bảo,7.9
Đỗ Nam,Trương Thanh Long,7.9
Đỗ Nam,Hạnh Thúy,7.9
Đỗ Nam,Lê Chi Na,7.9
Đỗ Nam,Lan Trinh,7.9
Phan Minh,Trương Mỹ Nhân,5.0
Phan Minh,Tuấn Trần,5.0
Phan Minh,Brian Trần,5.0
Phan Minh,Jay Nhân,5.0
Han Sang-hee,Chi Pu,4.0
Han Sang-hee,San E,4.0
Han Sang-hee,Chae Yeon,4.0
Han Sang-hee,Jin Ju Hyung,4.0
Tsai Lex,Sun Wei Lung,5
Tsai Lex,Khả Ngân,5
Tsai Lex,Aki Myung-Hun,5
Tsai Lex,Kha Ly,5
Tsai Lex,Lê Bê La,5
Tsai Lex,Nhất Duy,5
Tsai Lex,Do Tai Wai,5
Tsai Lex,Lu Shi Yong,5
Đức Thịnh,Trường Giang,9.1
Đức Thịnh,Thanh Thúy,9.1
Đức Thịnh,Đức Thịnh,9.1
Đức Thịnh,Mai Tài Phến,9.1
Đức Thịnh,Sam,9.1
Nguyễn Hoàng Anh,Jun Phạm,8.8
Nguyễn Hoàng Anh,Trung Dân,8.8
Nguyễn Hoàng Anh,Hải Triều,8.8
Nguyễn Hoàng Anh,Tiến Công,8.8
Nguyễn Hoàng Anh,Puka,8.8
Nguyễn Hoàng Anh,Ngọc Tưởng,8.8
Dustin Nguyễn,Dustin Nguyễn,8.2
Dustin Nguyễn,Thu Trang,8.2
Dustin Nguyễn,Kiều Minh Tuấn,8.2
Dustin Nguyễn,Hoàng Sơn,8.2
Dustin Nguyễn,Nam Em,8.2
Dustin Nguyễn,Tiểu Bảo Quốc,8.2
Dustin Nguyễn,Đại Nghĩa,8.2
Dustin Nguyễn,Lê Bình,8.2
Dustin Nguyễn,Tiết Cương,8.2
Trần Ngọc Giàu,Hoài Linh,6.0
Trần Ngọc Giàu,Bạch Công Khanh,6.0
Trần Ngọc Giàu,Thanh Vy,6.0
Trần Ngọc Giàu,Celina Huỳnh,6.0
Trần Ngọc Giàu,Lê Lộc,6.0
Trần Ngọc Giàu,Xuân Nghị,6.0
Trần Ngọc Giàu,Tấn Beo,6.0
Trần Ngọc Giàu,Trung Dân,6.0
Trần Ngọc Giàu,Bella Mai,6.0
Trần Ngọc Giàu,Hứa Minh Đạt,6.0
Trần Ngọc Giàu,Thân Thuý Hà,6.0
Trần Ngọc Giàu,Tuấn Dũng,6.0
Nguyễn Hà,Trương Mỹ Nhân,2.9
Nguyễn Hà,Kent Phạm Tùng Anh,2.9
Nguyễn Hà,Xuân Phúc,2.9
Nguyễn Hà,Ngọc Châu,2.9
Nguyễn Quang Dũng,Thanh Hằng,9.3
Nguyễn Quang Dũng,Jun Vũ,9.3
Nguyễn Quang Dũng,Anh Thư,9.3
Nguyễn Quang Dũng,Mỹ Duyên,9.3
Nguyễn Quang Dũng,Hoàng Oanh,9.3
Nguyễn Quang Dũng,Trịnh Thảo,9.3
Nguyễn Quang Dũng,Hồng Ánh,9.3
Nguyễn Quang Dũng,Hoàng Yến Chibi,9.3
Nguyễn Quang Dũng,Mỹ Uyên,9.3
Nguyễn Quang Dũng,Khổng Tú Quỳnh,9.3
Nguyễn Quang Dũng,Tuyền Mập,9.3
Nguyễn Quang Dũng,Minh Thảo,9.3
Võ Thanh Hòa,Trịnh Thăng Bình,8.2
Võ Thanh Hòa,Kiều Trinh Xíu,8.2
Võ Thanh Hòa,Coca Hoàng Gia Bảo,8.2
Võ Thanh Hòa,Hạ Vi,8.2
Võ Thanh Hòa,Hoàng Rapper,8.2
Võ Thanh Hòa,Hoàng Sơn,8.2
Võ Thanh Hòa,Tùng Leo,8.2
Võ Thanh Hòa,Võ Cảnh,8.2
Võ Thanh Hòa,Hoàng Phi,8.2
Võ Thanh Hòa,Phương Trinh Jolie,8.2
Võ Thanh Hòa,Chu Diệp Anh,8.2
Võ Thanh Hòa,Lou Hoàng,8.2
Văn Công Viễn,Ngọc Thanh Tâm,4.7
Văn Công Viễn,Hoài Lâm,4.7
Văn Công Viễn,Trang Trần,4.7
Văn Công Viễn,Đàm Vĩnh Hưng,4.7
Văn Công Viễn,Thúy Vy,4.7
Trương Quang Thịnh,Quỳnh Hương Venus,5
Trương Quang Thịnh,Huỳnh Hồng Loan,5
Trương Quang Thịnh,Gia Linh,5
Trương Quang Thịnh,Phạm Hoàng Nguyên,5
Trương Quang Thịnh,Gin Tuấn Kiệt,5
Trương Quang Thịnh,Hồng Vân,5
Trương Quang Thịnh,Cát Tường,5
Trương Quang Thịnh,Kiều Minh Tuấn,5
Lý Hải,Kiều Minh Tuấn,8.1
Lý Hải,Lý Hải,8.1
Lý Hải,Huy Khánh,8.1
Lý Hải,Song Luân,8.1
Lý Hải,Nene,8.1
Lý Hải,Tú Trinh,8.1
Lý Hải,Tiết Cương,8.1
Lý Hải,Cát Phượng,8.1
Lý Hải,Phương Bình,8.1
Lý Hải,Diệu Đức,8.1
Lý Hải,Hoàng Mèo,8.1
Lý Hải,Thanh Tân,8.1
Lý Hải,Lương Mỹ,8.1
Lý Hải,Phi Điểu,8.1
Vũ Ngọc Phượng,Jun Phạm,8.1
Vũ Ngọc Phượng,Khả Ngân,8.1
Vũ Ngọc Phượng,Lê Tam Triều Dâng,8.1
Vũ Ngọc Phượng,B Trần,8.1
Vũ Ngọc Phượng,Gin Tuấn Kiệt,8.1
Vũ Ngọc Phượng,NSƯT Mỹ Uyên,8.1
Vũ Ngọc Phượng,Chiều Xuân,8.1
Robie Trường,Nhan Phúc Vinh,7.4
Robie Trường,Hoàng Phi,7.4
Robie Trường,Hiếu Nguyễn,7.4
Robie Trường,Hùng Chilhyun,7.4
Robie Trường,Rima Thanh Vy,7.4
Robie Trường,Thanh Tú,7.4
Robie Trường,Lâm Thắng,7.4
Robie Trường,Võ Hoài Nam,7.4
Robie Trường,NSUT Công Ninh,7.4
Robie Trường,Trọng Hải,7.4
Nguyễn Ngọc Hùng,Diệu Nhi,5.0
Nguyễn Ngọc Hùng,Thuận Nguyễn,5.0
Nguyễn Ngọc Hùng,Khả Như,5.0
Nguyễn Ngọc Hùng,Khương Ngọc,5.0
Nguyễn Ngọc Hùng,La Thành,5.0
Nguyễn Ngọc Hùng,Gia Bảo,5.0
Nguyễn Ngọc Hùng,Đỗ Duy Nam,5.0
Nguyễn Ngọc Hùng,Hải Triều,5.0
Nguyễn Ngọc Hùng,Tiểu Bảo Quốc,5.0
Nguyễn Ngọc Hùng,Trung Dân,5.0
Cao Thúy Nhi,Phương Anh Đào,8.7
Cao Thúy Nhi,Noriki Takimoto,8.7
Cao Thúy Nhi,Norihiko Takimoto,8.7
Cao Thúy Nhi,chú chó Hana,8.7
Cao Thúy Nhi,Ben Phạm,8.7
Cao Thúy Nhi,Sayaka Mitsuta,8.7
Cao Thúy Nhi,Mizuki Miyauchi,8.7
Cao Thúy Nhi,Akira Hatsusegawa,8.7
Cao Thúy Nhi,Diễm Thi,8.7
Cao Thúy Nhi,Khánh Ngân,8.7
Cao Thúy Nhi,Takafumi Akutsu,8.7
Cao Thúy Nhi,NSUT Công Ninh,8.7
Kawaii Nguyễn Tuấn Anh,Mai Tài Phến,6.8
Kawaii Nguyễn Tuấn Anh,Lê Thùy LInh,6.8
Kawaii Nguyễn Tuấn Anh,Phương Anh Đào,6.8
Kawaii Nguyễn Tuấn Anh,Tiến Vũ,6.8
Kawaii Nguyễn Tuấn Anh,Misoa,6.8
Kawaii Nguyễn Tuấn Anh,Trang Hý,6.8
Kawaii Nguyễn Tuấn Anh,Đan Trường,6.8
Kawaii Nguyễn Tuấn Anh,Việt Hương,6.8
Kawaii Nguyễn Tuấn Anh,Hương Tràm,6.8
Kawaii Nguyễn Tuấn Anh,NSUT Công Ninh,6.8
Kawaii Nguyễn Tuấn Anh,Trung Dân,6.8
Hứa Vĩ Văn,Hứa Vĩ Văn,8.3
Hứa Vĩ Văn,Diễm My 9x,8.3
Hứa Vĩ Văn,Kinh Quốc,8.3
Hứa Vĩ Văn,Nguyễn Chánh Tín,8.3
Hứa Vĩ Văn,Thương Tín,8.3
Hứa Vĩ Văn,NSUT Công Ninh,8.3
Hứa Vĩ Văn,Quang Sự,8.3
Vĩnh Thuyên,Minh Luân,2.5
Vĩnh Thuyên,Vĩnh Thuyên Kim,2.5
Vĩnh Thuyên,Hứa Minh Đạt,2.5
Vĩnh Thuyên,Mạc Văn Khoa,2.5
Vĩnh Thuyên,Lâm Vỹ Dạ,2.5
Duy Joseph,Wean Lê,3.6
Duy Joseph,Lê Hạ Anh,3.6
Duy Joseph,Nhan Phúc Vinh,3.6
Duy Joseph,Ngọc Thanh Tâm,3.6
Duy Joseph,Quỳnh Chi,3.6
Duy Joseph,Gin Tuấn Kiệt,3.6
Duy Joseph,Tùng Min,3.6
Lương Trung Tín,ST 365,7.3
Lương Trung Tín,Jang Mi,7.3
Lương Trung Tín,POM,7.3
Lương Trung Tín,Tiểu Bảo Quốc,7.3
Leon Quang Lê,Isaac,10.0
Leon Quang Lê,Liên Bỉnh Phát,10.0
Leon Quang Lê,Tú Quyên,10.0
Leon Quang Lê,Thanh Tú,10.0
Leon Quang Lê,Kiều Trinh,10.0
Charlie Nguyễn,Thái Hoà,9.5
Charlie Nguyễn,Phương Anh Đào,9.5
Charlie Nguyễn,Thanh Trúc,9.5
Charlie Nguyễn,Hứa Vĩ Văn,9.5
Charlie Nguyễn,Vân Trang,9.5
Charlie Nguyễn,Hồng Hạnh,9.5
Charlie Nguyễn,Diễm My,9.5
Charlie Nguyễn,Trung Dũng,9.5
Thắng Vũ,Isaac,9.2
Thắng Vũ,Phan Ngân,9.2
Thắng Vũ,Suni Hạ Linh,9.2
Thắng Vũ,Chí Tài,9.2
Thắng Vũ,Phi Phụng,9.2
Thắng Vũ,Hoàng Phi,9.2
Thắng Vũ,Puka,9.2
Võ Thanh Hòa,Nabi Nhã Phương,9.3
Võ Thanh Hòa,bé Kim Thư,9.3
Võ Thanh Hòa,La Thành,9.3
Võ Thanh Hòa,Việt Hương,9.3
Võ Thanh Hòa,Ngô Kiến Huy,9.3
Võ Thanh Hòa,Trấn Thành,9.3
Võ Thanh Hòa,Mai Bảo Ngọc,9.3
Võ Thanh Hòa,Huỳnh Lập,9.3
Võ Thanh Hòa,Hứa Minh Đạt,9.3
Võ Thanh Hòa,Khả Như,9.3
Nguyễn Thành Vinh,Thúy Vân,9.1
Nguyễn Thành Vinh,Đình Quân,9.1
Nguyễn Thành Vinh,Nguyễn Anh Tú,9.1
Nguyễn Thành Vinh,NSUT Thanh Hằng,9.1
Nguyễn Thành Vinh,Đàm Phương Linh,9.1
Nguyễn Thành Vinh,NSND Ngọc Giàu,9.1
Nguyễn Thành Vinh,NSUT Thoại Mỹ,9.1
Nguyễn Thành Vinh,NSƯT Thanh Nam,9.1
Nguyễn Thành Vinh,Cẩm Hà,9.1
Nguyễn Thành Vinh,Lâm Thắng,9.1
Nguyễn Thành Vinh,Hồng Thanh,9.1
Nguyễn Thành Vinh,Phát La,9.1
Nguyễn Thành Vinh,Hamiza,9.1
Nguyễn Thành Vinh,Long Đẹp Trai,9.1
Nguyễn Thành Vinh,Sỹ Toàn,9.1
Đinh Tuấn Vũ,An Nguy,1.0
Đinh Tuấn Vũ,Kiều Minh Tuấn,1.0
Đinh Tuấn Vũ,Hữu Khang,1.0
Đinh Tuấn Vũ,Will 365,1.0
Đinh Tuấn Vũ,Chu Diệp Anh,1.0
Đinh Tuấn Vũ,Lilly Nguyễn,1.0
Trần Nhân Kiên,Hoàng Yến Chibi,7.7
Trần Nhân Kiên,Quang Đăng,7.7
Trần Nhân Kiên,Trương Thanh Long,7.7
Swann Dubus,Anh Phong le,5
Swann Dubus,Lê Quốc Phong,5
Nguyễn Hoàng Duy,Ngân Khánh,6.7
Nguyễn Hoàng Duy,Song Luân,6.7
Nguyễn Hoàng Duy,Sĩ Thanh,6.7
Nguyễn Hoàng Duy,Quang Minh,6.7
Nguyễn Hoàng Duy,Hồng Đào,6.7
Nguyễn Hoàng Duy,Liên Bỉnh Phát,6.7
Victor Vũ,Quách Ngọc Ngoan,7.1
Victor Vũ,Ngọc Diệp,7.1
Victor Vũ,Jun Vũ,7.1
Victor Vũ,Thanh Tú,7.1
Victor Vũ,Cường Seven,7.1
Victor Vũ,Trương Thế Vinh,7.1
Victor Vũ,Chiều Xuân,7.1
Victor Vũ,Bùi Bài Bình,7.1
Victor Vũ,Vũ Tuấn Việt,7.1
Victor Vũ,Francois Negret,7.1
Roland Nguyễn Nhân,Thanh Duy,8.2
Roland Nguyễn Nhân,Thanh Tú,8.2
Roland Nguyễn Nhân,Lý Bình,8.2
Roland Nguyễn Nhân,Đàm Phương Linh,8.2
Roland Nguyễn Nhân,Nguyễn Anh Tú,8.2
Nguyễn Đức Minh,Thiên Nguyễn,5
Nguyễn Đức Minh,Long Nguyen,5
Cường Ngô,Đan Nguyên,5
Cường Ngô,Marcus Guilhem,5
Cường Ngô,Lilly Nguyễn,5
Cường Ngô,Lâm Vissay,5
Bảo Nhân,Ninh Dương Lan Ngọc,5
Bảo Nhân,Phương Lan,5
Bảo Nhân,Thùy Anh,5
Bảo Nhân,Thoại Tiên,5
Bảo Nhân,Diễm My,5
Bảo Nhân,Hứa Minh Đạt,5
Bảo Nhân,Lê Xuân Tiền,5
Ken Ochiai,Thái Hoà,5
Ken Ochiai,Kaity Nguyễn,5
Ken Ochiai,Vân Trang,5
Ken Ochiai,Trang Hý,5
Ken Ochiai,Huy Khánh,5
Ken Ochiai,NSUT Thành Lộc,5
Ken Ochiai,Hồng Vân,5
Ken Ochiai,Tuyền Mập,5
Ken Ochiai,Chí Tâm,5
Ken Ochiai,Kathy Uyên,5
Ken Ochiai,Trịnh Thảo,5
Ken Ochiai,Tùng Leo,5
Ken Ochiai,Chí Tài,5
Ken Ochiai,Lê Bình,5
Ken Ochiai,Gi A Nguyễn,5
Hàm Trần,Hoàng Yến Chibi,5
